{"cameraMode":{"drawMode":0,"name":"Shaded","section":"Shading Mode"},"sceneLighting":true,"audioPlay":false,"sceneViewState":{"m_AlwaysRefresh":false,"showFog":true,"showSkybox":true,"showFlares":true,"showImageEffects":true,"showParticleSystems":true,"showVisualEffectGraphs":true,"m_FxEnabled":true},"in2DMode":false,"pivot":{"x":328.0414123535156,"y":230.25946044921876,"z":12.95458984375},"rotation":{"x":0.23217761516571046,"y":0.0076433876529335979,"z":-0.0016225929139181972,"w":0.9726905226707459},"size":181.59393310546876,"orthographic":false}