{"cameraMode":{"drawMode":0,"name":"Shaded","section":"Shading Mode"},"sceneLighting":false,"audioPlay":false,"sceneViewState":{"m_AlwaysRefresh":false,"showFog":true,"showSkybox":false,"showFlares":true,"showImageEffects":true,"showParticleSystems":true,"showVisualEffectGraphs":true,"m_FxEnabled":true},"in2DMode":false,"pivot":{"x":1.2425780296325684,"y":0.725734531879425,"z":-1.3731637001037598},"rotation":{"x":-0.061042990535497668,"y":0.3882032334804535,"z":-0.025778746232390405,"w":-0.9192187190055847},"size":0.19680243730545045,"orthographic":false}