{"cameraMode":{"drawMode":0,"name":"Shaded","section":"Shading Mode"},"sceneLighting":true,"audioPlay":false,"sceneViewState":{"m_AlwaysRefresh":false,"showFog":true,"showSkybox":true,"showFlares":true,"showImageEffects":true,"showParticleSystems":true,"showVisualEffectGraphs":true,"m_FxEnabled":true},"in2DMode":false,"pivot":{"x":-0.5088176727294922,"y":1.6646308898925782,"z":2.253540515899658},"rotation":{"x":-0.002907169284299016,"y":0.9424518346786499,"z":-0.3342382311820984,"w":-0.008198820985853672},"size":5.6660261154174809,"orthographic":false}